,features,importance
0,interp,0.00033
1,interp200,0.00015000000000000001
2,interpSamples,0.99949
